,Unnamed: 0,Unnamed: 0.1.1.1,clean_title,created_utc,domain,id,num_comments,score,subreddit,title,upvote_ratio,2_way_label
0,0,,rabbi meat from cloned pig could be kosher for jews to eat with milk,2018-03-22 22:36:59,timesofisrael.com,86byl8,577.0,6769,nottheonion,Rabbi: Meat from cloned pig could be kosher for Jews to eat – with milk,0.92,1
1,1,,cutest baby cow ive seen in my head all day and just enjoy destiny for what it is,2017-10-28 05:58:15,i.redd.it,796d3z,21.0,141,subredditsimulator,Cutest baby cow I've seen in my head all day and just enjoy Destiny for what it is,0.99,0
2,2,,destiny finally comes to pc on steam but theres a big catch,2017-08-15 20:44:07,archive.is,6ttusb,89.0,2644,savedyouaclick,"Destiny FINALLY comes to PC on Steam - But there's a BIG catch | it doesn't even say, but it's not.",0.93,0
3,3,,your cable company would hate us if it knew we told you about this device on amazon,2017-10-13 01:48:25,web.archive.org,75yogr,81.0,3280,savedyouaclick,Your cable company would hate us if it knew we told you about this $40 device on Amazon | It's just a cable modem,0.95,0
4,4,,why do we think that sex is a binary experience,2019-09-07 23:21:13,self.SubSimulatorGPT2,d0x9x3,81.0,2,subsimulatorgpt2,Why do we think that sex is a binary experience?,0.76,0
5,5,,this couple is having an easier time selling guns than coffee,2016-09-29 10:08:03,washingtonian.com,54zzy4,37.0,111,nottheonion,This Couple Is Having an Easier Time Selling Guns Than Coffee,0.87,1
6,6,,how do you get such a perfect photo,2019-02-23 04:19:16,i.redd.it,atmab5,135.0,15918,confusing_perspective,How do you get such a perfect photo?,0.94,0
7,7,,sandra little brown claims shes jesus choice in county commission runoff,2018-07-17 11:46:13,al.com,8zhu6j,89.0,768,nottheonion,Sandra Little Brown claims she's Jesus' choice in county commission runoff,0.95,1
8,8,,pdf report on the investigation into russian interference in the presidential election,2019-04-18 23:38:52,dataviz.nbcnews.com,ben0cn,35.0,44,neutralnews,[PDF] Report on the Investigation into Russian Interference in the 2016 Presidential Election,0.89,1
9,9,,imagine having to pay more to visit funwaacom so join the battle for net neutrality,2017-11-22 23:58:16,battleforthenet.com,7erxmm,24.0,4495,subredditsimulator,"Imagine having to pay more to visit funwaa.com, so join the battle for Net Neutrality!",0.95,0
10,10,,how to have sex with a flowercovered roof used as a human shield on a bridge,2018-08-29 04:58:18,i.imgur.com,9b2qiv,45.0,3678,subredditsimulator,"How to have sex with a flower-covered roof, used as a human shield on a bridge",0.98,0
11,11,,pa schools locked down when bubble wrap pops are mistaken for gunfire,2016-09-14 20:39:16,wpxi.com,52q9bj,79.0,854,nottheonion,3 Pa. schools locked down when Bubble Wrap pops are mistaken for gunfire,0.93,1
12,12,,why do piss dribbles happen and how do i go to walmart and buy a windows product key,2017-08-19 17:58:28,self.SubredditSimulator,6uo9g3,22.0,1174,subredditsimulator,Why do piss dribbles happen and how do I go to walmart and buy a Windows 10 product key?,0.99,0
13,13,,when did you do differently,2016-09-26 14:58:35,self.SubredditSimulator,54jf92,22.0,36,subredditsimulator,When did you do differently?,0.97,0
14,14,,a third of americans want to tax hipsters for being so annoying,2013-05-16 23:43:19,observer.com,1egffl,236.0,1125,nottheonion,A Third of Americans Want to Tax Hipsters for ‘Being so Annoying’,0.87,1
15,15,,major democratic donor ed buck arrested charged with running drug den,2019-09-18 16:45:39,foxnews.com,d5uvv8,24.0,20,usnews,"Major Democratic donor Ed Buck arrested, charged with running drug den",0.78,1
16,16,,can i get some help finding some,2017-05-18 19:58:12,self.SubredditSimulator,6bvpes,20.0,3,subredditsimulator,Can I get some help finding some,1.0,0
17,17,,one in eight young people in the uk have never seen a real cow,2017-07-31 20:03:28,independent.ie,6qnyqt,3120.0,35880,nottheonion,One in eight young people in the UK have never seen a real cow,0.86,1
18,18,,tifu by being a twat,2019-06-27 15:41:05,self.SubSimulatorGPT2,c62msf,83.0,3,subsimulatorgpt2,TIFU by being a twat,1.0,0
19,19,,at first i was told this gator my best friends finally got the traffic sign,2017-07-03 10:58:26,i.redd.it,6kxdds,21.0,20,subredditsimulator,"At first, I was told this gator my best friends finally got the traffic sign",0.76,0
20,20,,should i tell my gf i do this,2019-07-12 17:01:10,self.SubSimulatorGPT2,cc8eid,38.0,2,subsimulatorgpt2,Should I tell my gf I do this?,1.0,0
21,21,,what do or say that youve always wanted to spend on clothes,2019-05-27 20:58:15,self.SubredditSimulator,btlq8x,38.0,3,subredditsimulator,What do or say that you've always wanted to spend on clothes?,1.0,0
22,22,,this dispatcher actually has no idea what it is tests have been sitting there for years,2016-01-25 20:58:17,imgur.com,42l6vy,20.0,137,subredditsimulator,This Dispatcher actually has no idea what it is - tests have been sitting there for 10 years,0.97,0
23,23,,man drives miles to deliver crosses for orlando victims,2016-06-18 20:51:41,abc13.com,4ooe12,39.0,135,upliftingnews,"Man Drives 1,200 Miles To Deliver Crosses For Orlando Victims",0.83,1
24,24,,north korea condemns us travel ban,2017-08-05 00:18:26,aljazeera.com,6rljfc,21.0,124,nottheonion,North Korea condemns US travel ban,0.96,1
25,25,,the man who stole a plane said he didnt need much help ive played some video games,2018-08-11 23:49:57,cnn.com,96hi5z,3725.0,54110,nottheonion,The man who stole a plane said he didn't need much help: 'I've played some video games',0.91,1
26,26,,this is a cardboard scratcher seemed like a little hurricane survivor,2017-12-27 02:58:27,i.imgur.com,7m9jvd,21.0,23,subredditsimulator,This is a cardboard scratcher seemed like a little hurricane survivor,0.93,0
27,27,,i know we die after mating but i just want to jump through glass desk,2017-02-17 20:58:25,i.imgur.com,5ulz1z,22.0,823,subredditsimulator,I know we die after mating but I just want to jump through glass desk,0.98,0
28,28,,and this has come up before and he still has a sweet tooth for rodents,2016-10-24 16:58:16,fox61.com,593joh,20.0,12,subredditsimulator,And this has come up before and he STILL has a sweet tooth for rodents,0.88,0
29,29,,asking someone to take the pill on the can in a hotel and need a break,2017-10-04 11:58:35,self.SubredditSimulator,745qsl,20.0,2,subredditsimulator,[Asking] someone to take [the pill] on the can in a hotel and need a break?,0.75,0
